id,name,model_id:id,group_id:id,perm_read,perm_write,perm_create,perm_unlink
access_crossovered_budget_group_department_approve,crossovered.budget,odex25_account_budget.model_crossovered_budget,purchase_requisition_custom.group_department_approve,1,0,0,0
access_account_budget_post_group_department_approve,model_account_budget_post,odex25_account_budget.model_account_budget_post,purchase_requisition_custom.group_department_approve,1,0,0,0
access_budget_confirmation_group_department_approve,budget_confirmation,account_budget_custom.model_budget_confirmation,purchase_requisition_custom.group_department_approve,1,1,1,0
access_budget_confirmation_line_group_department_approve,budget_confirmation_line,account_budget_custom.model_budget_confirmation_line,purchase_requisition_custom.group_department_approve,1,1,1,0

access_crossovered_budget_group_purchase_user,crossovered.budget.group_purchase_user,odex25_account_budget.model_crossovered_budget,purchase.group_purchase_user,1,0,0,0
access_account_budget_post_group_purchase_user,model_account_budget_post.group_purchase_user,odex25_account_budget.model_account_budget_post,purchase.group_purchase_user,1,0,0,0
access_budget_confirmation_group_purchase_user,budget_confirmation.group_purchase_user,account_budget_custom.model_budget_confirmation,purchase.group_purchase_user,1,1,1,0
access_budget_confirmation_line_group_purchase_user,budget_confirmation_line.group_purchase_user,account_budget_custom.model_budget_confirmation_line,purchase.group_purchase_user,1,1,1,0

group_user_purchase_requisition_type,Requisition Type,purchase_requisition.model_purchase_requisition_type,base.group_user,1,1,0,0