<?xml version="1.0" encoding="utf-8"?>
<odoo>
    <data>
        <record id="email_template_tender_application" model="mail.template">
            <field name="name">Tender Application </field>
            <field name="email_to">${object.tender_id.email}</field>
            <field name="subject">New application NO.${object.name} </field>
            <field name="model_id" ref="online_tendering.model_tender_application"/>
            <field name="lang">${object.user_id.partner_id.lang}</field>
            <field name="body_html"><![CDATA[
                <p>${object.user_id.name} has apply for tender No. ${object.name} with total amount  = ${object.total}
                </p>
                ]]>
            </field>
        </record>

        <record id="email_template_application_shortlist" model="mail.template">
            <field name="name">Tender Application Shortllist</field>
            <field name="email_to">${object.user_id.email}</field>
            <field name="subject">Application Shortlist.${object.name} </field>
            <field name="partner_to">${object.user_id.partner_id.id}</field>
            <field name="model_id" ref="online_tendering.model_tender_application"/>
            <field name="lang">${object.user_id.partner_id.lang}</field>
            <field name="body_html"><![CDATA[
                <p>Dear ${object.user_id.partner_id.name} Thank you for Apply on our Tender NO ${object.tender_id.name}
                    we are pleased to inform you That your Application has been shortlistedss
                </p>
                ]]>
            </field>
        </record>

        <record id="not_win_email_template" model="mail.template">
            <field name="name">Not Win RFQ</field>
            <field name="email_to">${object.partner_id.email}</field>
            <field name="subject">Not Selected To Purchase.${object.name} </field>
            <field name="partner_to">${object.partner_id.id}</field>
            <field name="model_id" ref="online_tendering.model_purchase_order"/>
            <field name="lang">${object.partner_id.lang}</field>
            <field name="body_html"><![CDATA[
                <p>Dear ${object.partner_id.name} Thank you for Apply on our Tender NO ${object.requisition_id.name}
                    we are pleased to inform you That your Application was not win
                </p>
                ]]>
            </field>
        </record>

        
    </data>
</odoo>
