<?xml version="1.0" encoding="utf-8"?>
<odoo>
<data noupdate="0">
    <record id="portal_tender_user_rule" model="ir.rule">
        <field name="name">Products tender online</field>
        <field name="model_id" ref="product.model_product_template"/>        
        <field name="domain_force">[]</field>
        <field name="groups" eval="[(4, ref('online_tendering.group_online_tender_portal_user'))]"/>
        <field name="perm_unlink" eval="0"/>
        <field name="perm_write" eval="0"/>
        <field name="perm_read" eval="1"/>
        <field name="perm_create" eval="0"/>
    </record>
</data>
</odoo>
