<?xml version="1.0" encoding="utf-8"?>
<odoo>
    <data>

        <record model="ir.cron" id="partner_document_cron_for_expires">
            <field name="name">Daily Partner Document Expiration</field>
            <field name="model_id" ref="model_partner_document"/>
            <field name="state">code</field>
            <field name="code">model.cron_document_experation()</field>
            <field name="user_id" ref="base.user_root"/>
            <field name="interval_number">1</field>
            <field name="interval_type">days</field>
            <field name="numbercall">-1</field>
            <field eval="False" name="doall"/>
        </record>

    </data>
</odoo>
