<?xml version="1.0" encoding="utf-8"?>
<odoo>
    <data noupdate="1">
        <record id="auto_po_notify" model="mail.template">
            <field name="name">PO Auto Notify</field>
            <field name="model_id" ref="purchase.model_purchase_order"/>
            <field name="auto_delete" eval="True"/>
            <field name="email_to">${object.responsible_id.partner_id.email}</field>
            <field name="subject">Po Auto Notify</field>
            <field name="body_html"><![CDATA[
<p>Dear ${object.responsible_id.name},</p>
<p>  ${object.contract_name} Will Be Expired<br>
IN Purchase order: ${object.name}<br>
Vendor: ${object.partner_id.name}<br>
End Date: ${object.end_date}<br>
</p>
            ]]></field>
        </record>

    </data>
</odoo>