<?xml version="1.0" encoding="utf-8"?>
<odoo>
    <data>  
        <!-- sequence for purchase_requisition-->
        <record id="purchase_requisition_sequence" model="ir.sequence">
            <field name="name">Purchase Requisition </field>
             <field name="code">purchase.requisition.purchase.seq</field>
            <field name="prefix">TE%(year)s/%(month)s/</field>
            <field name="padding">5</field>
            <field name="company_id" eval="False"></field>
        </record>
    </data>
</odoo>
