id,name,model_id:id,group_id:id,perm_read,perm_write,perm_create,perm_unlink
access_product_category,category_purchase_requisition_custom,product.model_product_category,group_category_product_manager,1,1,0,1
committe_member_right4,Committe member access,purchase_requisition.model_purchase_requisition,purchase_requisition_custom.committe_member,1,1,0,0
committe_member_right7,Committe member,purchase.model_account_move_line,purchase_requisition_custom.committe_member,1,1,0,0
res_users_emp,res_users_emp,base.model_res_users,base.group_user,1,0,0,0
wiz_refuse,purchase_wizard_refuse,model_purchase_request_cancel_wizard,base.group_user,1,1,1,1
purchase_user_res_user,name,base.model_res_users,purchase.group_purchase_user,1,0,0,0
hr_department_purchase,department,hr.model_hr_department,purchase.group_purchase_user,1,1,1,1
partner_document_emp,partner_document_emp_access,purchase_requisition_custom.model_partner_document,base.group_user,1,1,1,1
select_reason,select.reason,purchase_requisition_custom.model_select_reason,,1,1,1,1
refuse_reason,refuse.reason,purchase_requisition_custom.model_refuse_reason,,1,1,1,1
document_type,document.type,purchase_requisition_custom.model_document_type,,1,1,1,1
reject_wizard,reject.wizard,purchase_requisition_custom.model_reject_wizard,,1,1,1,1
access_vendor_type,vendor_type,purchase_requisition_custom.model_vendor_type,,1,1,1,1
access_purchase_committee_type,committee type,purchase_requisition_custom.model_purchase_committee_type,,1,0,0,0
access_purchase_requisition_type,Requisition Type,purchase_requisition.model_purchase_requisition_type,purchase_requisition_custom.committe_member,1,0,0,0
access_requisition_line,Requisition line committe,purchase_requisition.model_purchase_requisition_line,purchase_requisition_custom.committe_member,1,0,0,0
access_committe_member,Committe Member Rfq,purchase_requisition_custom.model_committe_member,purchase_requisition_custom.committe_member,1,1,1,0
committe_member_right6,Committe member order,purchase.model_purchase_order_line,purchase_requisition_custom.committe_member,1,0,0,0
purchase_request_emp,Purchase Employee,purchase_requisition_custom.model_purchase_request,purchase_requisition_custom.view_purchase_request,1,1,1,0
purchase_request_create_purchase_request,Purchase Employee create_purchase_request,purchase_requisition_custom.model_purchase_request,purchase_requisition_custom.create_purchase_request,1,1,1,0
purchase_request_line,purchase_request_line_access,purchase_requisition_custom.model_purchase_request_line,,1,1,1,1
committe_member_purchase_user,committe_member_purchase_user,purchase_requisition_custom.model_committe_member,purchase.group_purchase_user,1,0,0,0
committe_stock_move_user,committe_stock_move_user,stock.model_stock_move,purchase_requisition_custom.committe_member,1,0,0,0
access_manager_purchase_committee_type,group_manager_purchase_committee_type,purchase_requisition_custom.model_purchase_committee_type,purchase.group_purchase_manager,1,1,1,1
access_user_purchase_order_line,group_user_purchase_order_line create_purchase_request,purchase.model_purchase_order_line,purchase_requisition_custom.view_purchase_request,1,1,1,0
create_purchase_request_purchase_order_line,group_user_purchase_order_line,purchase.model_purchase_order_line,purchase_requisition_custom.create_purchase_request,1,1,1,0
committe_member_right5,Committe member,purchase.model_purchase_order,purchase_requisition_custom.committe_member,1,1,0,0
change_purchase_user_state_purchase_user,change_purchase_user_state,purchase_requisition_custom.model_change_purchase_user_state,base.group_user,1,1,1,1
model_convert_po_contract_wizard_user,model_convert_po_contract_wizard,purchase_requisition_custom.model_convert_po_contract_wizard,base.group_user,1,1,1,1
purchase_request_create_purchase_request_stock,stock move create_purchase_request,stock.model_stock_move,purchase_requisition_custom.create_purchase_request,1,0,0,0
committe_group_direct_manger,committe_group_direct_manger,model_committe_member,purchase_requisition_custom.group_direct_manger,1,1,1,1
budget_purchase_user_confirmation,budget.purchase.user.confirmation,account_budget_custom.model_budget_confirmation,purchase.group_purchase_user,1,1,0,0
budget_purchase_group_purchase_direct_manger,budget.purchase.group.direct.manger,account_budget_custom.model_budget_confirmation,purchase_requisition_custom.group_direct_manger,1,1,1,0
budget_purchase_user_confirmation_line,budget.purchase.user.confirmation.line,account_budget_custom.model_budget_confirmation_line,purchase.group_purchase_user,1,1,0,0
periods_purchase,periods.purchase.user,account_fiscal_year.model_fiscalyears_periods,purchase.group_purchase_user,1,1,0,0
budget_operations,budget.purchase.user.budget.operations,account_budget_custom.model_budget_operations,purchase.group_purchase_user,1,1,0,0
