<?xml version="1.0" encoding="utf-8"?>
<odoo>
    <data>

    <record model="ir.module.category" id="smart_module_management">
            <field name="name">Contacts WorkFlow</field>
            <field name="description">User access level for this module</field>
            <field name="sequence">99</field>
        </record>


        <record id="group_vendor_approve" model="res.groups">
            <field name="name">Vendor Approve</field>
            <field name="category_id" ref="smart_module_management" />
        </record>

         <record id="group_refuse_vendor" model="res.groups">
            <field name="name">Refuse Vendor</field>
            <field name="category_id" ref="smart_module_management" />
        </record>

        <!-- <record id="group_financial_manager" model="res.groups">
            <field name="name">Financial Manager</field>
            <field name="category_id" ref="smart_module_management" />
        </record>

        <record id="group_ceo" model="res.groups">
            <field name="name">Chief Executive Officer</field>
            <field name="category_id" ref="smart_module_management" />
        </record>

         <record id="group_general_manager" model="res.groups">
            <field name="name">General Manager</field>
            <field name="category_id" ref="smart_module_management" />
        </record> -->

    </data>
</odoo>
