<odoo>
    <record id="strategy_project_group" model="res.groups">
        <field name="name">Strategy And Project Group</field>
        <field name="implied_ids" eval="[(4, ref('purchase_requisition_custom.view_purchase_request'))]"/>
        <field name="category_id" ref="purchase_requisition_custom.module_category_purchase_request"/>
    </record>

    <record id="purchase_requisition_custom.group_direct_manger" model="res.groups">
        <field name="name">Budget Executive Officer</field>
    </record>

    <record id="governmental_purchase.executive_director_of_purchase_and_contract" model="res.groups">
        <field name="name">Executive Vice President of Corporate Resources</field>
    </record>
    <record id="governmental_purchase.group_ceo_of_corporate_resources" model="res.groups">
        <field name="name">Chief Procurement Executive</field>
    </record>

    <record id="group_direct_manger_record_rule" model="ir.rule">
        <field name="name">Group Direct Manger Rule</field>
        <field name="model_id" ref="odex25_taqeem_purchase.model_purchase_request"/>
        <field name="domain_force">['|',('user_id','=',user.id),('chief_executive_officer', '=', user.id)]</field>
        <field name="groups" eval="[(4, ref('purchase_requisition_custom.group_direct_manger'))]"/>
        <field name="perm_read" eval="True"/>
        <field name="perm_write" eval="True"/>
        <field name="perm_create" eval="False"/>
        <field name="perm_unlink" eval="False"/>
    </record>
</odoo>